ICAO_Code	Wingspan	Length	Tail	Width															
A10	17.5	16.2	4.5	5.6															
A124	73.3	68.9	20.8	10.1															
A19N	35.8	33.8	12.1	9.0															
A20N	35.8	37.6	12.1	9.0															
A21N	35.8	44.5	12.1	9.0															
A225    88.5    84.0    18.1    10.1
A306	44.8	54.1	16.7	11.0															
A30B	44.8	53.5	16.7	11.0															
A310	43.9	46.7	15.9	11.0															
A318	34.1	31.5	12.9	9.0															
A319	35.8	33.8	12.1	9.0															
A320	35.8	37.6	12.1	9.0															
A321	35.8	44.5	12.1	9.0															
A332	60.3	59.0	18.2	12.6															
A333	60.3	63.7	13.9	12.6															
A337	60.3	63.1	18.9	12.6															
A338	64.0	58.8	17.4	12.6															
A339	64.0	63.7	16.8	12.6															
A342	60.3	59.4	17.0	12.6															
A343	60.3	63.7	17.0	12.6															
A345	63.5	67.9	17.5	12.6															
A346	63.5	75.3	17.9	12.6															
A359	64.7	66.6	17.5	12.9															
A35K	64.7	73.6	17.4	12.8															
A388	79.8	72.7	24.1	14.3															
A400	42.4	45.1	14.6	7.9															
A5	10.6	7.0	2.5	1.6															
AA1	7.4	5.9	2.0	2.0															 
AA5	9.6	6.7	2.4	2.7															
AC11	10.0	7.6	2.6	3.6															
AC50	14.9	11.2	4.4	3.9															
AC56	14.9	11.2	4.4	3.9															
AC68	15.1	10.7	4.4	3.9															
AC6L	13.4	13.1	4.6	4.7															
AC80	14.2	12.6	4.4	3.9															
AC90	15.9	13.5	4.6	4.7															
AC95	15.9	13.1	4.6	4.7															
AEST	11.2	10.6	3.9	3.1															
AN12	38.0	34.0	10.5	4.8															
AN72	31.9	28.1	8.7	4.1															
AR11	11.0	6.3	2.1	2.1															
ASTR	16.1	16.9	5.5	3.7															
AT3T	15.6	9.3	2.9	2.9															
AT43	24.6	22.7	7.6	4.6															
AT44	24.6	22.7	7.6	4.6															
AT45	24.6	22.7	7.6	4.6															
AT46	24.6	22.7	7.6	4.8															
AT5T	15.8	8.2	3.1	3.4															
AT6T	17.1	10.2	3.4	3.4															
AT72	27.1	27.2	7.7	5.2															
AT73	27.0	27.2	7.7	4.8															
AT75	24.6	27.2	7.7	5.2															
AT76	27.0	27.2	7.7	4.1															
AT8T	18.1	11.4	3.4	3.4															
B18T	14.0	13.5	2.9	5.9															
B190	17.7	17.6	4.7	5.9															
B2	52.4	21.0	5.2	14.4															
B350	17.6	14.2	4.4	5.2															
B36T	10.2	8.9	2.6	3.0															
B37M	35.9	35.6	12.5	7.0															
B38M	35.9	39.5	12.3	5.7															
B39M	35.9	42.2	12.4	7.0															
B461	26.3	26.2	8.6	5.5															
B462	26.3	28.6	8.6	5.5															
B463	26.3	31.0	8.6	5.8															
B52	56.4	49.0	12.4	5.0															
B703	44.4	46.6	12.8	7.6															
B712	28.4	37.8	9.1	5.9															
B721	32.9	40.6	10.5	6.6															
B722	33.3	46.7	10.6	6.6															
B732	28.3	30.5	11.2	6.4															
B733	31.2	33.4	11.1	6.4															
B734	28.9	36.5	11.1	6.4															
B735	28.9	31.0	11.1	6.4															
B736	35.8	31.2	12.7	7.0															
B737	35.8	33.6	12.7	7.0															
B738	35.8	39.5	12.6	7.0															
B739	35.8	42.1	12.6	7.0															
B741	59.6	70.7	19.6	12.4															
B742	59.6	70.7	19.7	12.4															
B743	59.6	70.7	19.6	12.4															
B744	59.6	70.7	19.6	12.4															
B748	68.4	76.3	19.6	12.7															
B752	41.1	47.3	13.7	8.5															
B753	41.1	54.4	13.7	8.5															
B762	47.6	48.5	16.1	10.9															
B763	50.9	55.0	16.0	10.9															
B764	51.9	61.4	17.0	11.0															
B772	60.9	63.7	18.7	12.9															
B773	60.9	63.7	18.7	12.9															
B778	71.7	69.8	19.5	12.8															
B779	71.7	76.7	19.7	12.8															
B77L	64.6	63.7	18.7	14.1															
B77W	64.8	73.9	18.8	12.9															
B788	60.1	56.7	17.1	11.6															
B789	60.1	62.8	17.1	11.9															
B78X	60.1	68.3	17.0	11.9															
BA11	27.0	28.5	7.5	5.7															
BCS1	35.1	35.0	11.8	8.0															
BCS3	35.1	38.7	11.8	8.0															
BE10	14.0	12.2	4.7	4.2															
BE18	15.1	10.8	2.8	5.9															
BE19	10.0	7.8	2.5	3.7															
BE20	16.6	13.4	4.6	5.2															
BE23	10.0	7.8	2.5	3.6															
BE24	10.0	7.8	2.5	4.1															
BE30	17.6	14.2	4.4	5.2															
BE33	10.2	8.1	2.5	2.9															
BE35	10.8	7.7	2.3	2.9															
BE36	10.2	8.4	2.6	2.9															
BE40	13.3	14.8	4.2	2.8															
BE50	13.8	9.6	3.4	4.3															
BE55	11.5	8.5	2.9	2.9															
BE58	11.5	9.1	3.0	2.9															
BE60	12.0	10.3	3.7	3.7															
BE65	14.0	10.8	4.4	4.2															
BE70	15.3	10.8	4.4	4.2															
BE76	11.6	8.8	2.9	3.4															
BE77	9.1	7.3	2.4	2.7															
BE80	15.3	10.8	4.4	4.3															
BE95	11.5	7.9	2.9	3.4															
BE99	14.0	13.6	4.4	4.5															
BE9L	15.3	10.8	4.4	3.9															
BE9T	16.6	10.8	4.5	5.0															
BL17	10.4	8.0	2.2	2.7															
BL8	11.0	7.0	2.6	2.1															
BLCF	64.9	71.7	21.5	8.4															
BT36	11.5	8.4	2.6	3.9															
C120	10.1	6.6	1.9	2.2															
C130	40.4	29.8	11.8	4.9															
C140	10.1	6.6	1.9	2.1															
C150	10.1	7.3	2.6	2.2															
C152	10.1	7.3	2.6	2.6															
C160	40.0	32.4	11.7	6.6															
C162	9.1	6.9	2.6	2.5															
C17	51.8	53.0	16.8	10.3															
C170	11.0	7.6	2.0	3.0															
C172	11.0	8.3	2.7	2.6															
C175	11.0	7.6	2.6	3.0															
C177	10.8	8.3	2.6	2.7															
C180	10.9	7.8	2.4	2.5															
C182	11.0	8.8	2.8	2.7															
C185	10.9	7.8	2.4	3.2															
C188	12.7	8.0	2.3	2.6															
C195	11.0	8.3	2.2	2.6															
C206	11.0	8.6	2.8	2.5															
C207	11.0	9.6	3.0	3.1															
C208	15.9	11.5	4.6	3.6															
C210	11.2	8.6	3.0	2.7															
C212	19.0	16.2	6.3	3.4															
C240	11.0	7.7	2.7	2.5															
C25A	15.2	14.5	4.3	4.8															
C25B	16.2	15.6	4.6	4.9															
C25C	15.5	16.2	4.7	3.7															
C25M	14.4	13.0	4.2	4.0															
C303	11.9	9.3	4.1	4.8															
C30J	40.4	34.4	11.8	4.8															
C310	11.2	9.8	3.2	3.6															
C320	11.2	9.8	3.2	3.9															
C335	11.6	10.5	3.8	4.2															
C340	11.6	13.2	3.8	3.9															
C402	13.5	11.1	3.5	4.5															
C404	14.1	12.0	4.1	5.3															
C414	13.5	11.1	3.5	5.3															
C421	13.5	11.1	3.5	5.3															
C425	13.5	10.9	3.8	6.0															
C441	15.0	11.9	4.0	4.3															
C500	14.4	13.3	4.4	3.9															
C501	14.4	13.3	4.4	3.9															
C510	13.2	12.4	4.1	3.6															
C525	14.3	13.0	4.2	4.0															
C526	14.3	13.0	4.2	4.0															
C550	15.8	14.4	4.6	5.4															
C551	15.8	14.5	4.6	4.1															
C55B	15.9	14.5	4.6	4.1															
C560	16.5	14.9	4.6	5.4															
C56X	17.2	15.8	5.2	4.5															
C650	16.3	16.9	5.1	2.9															
C680	19.2	19.4	6.2	3.0															
C68A	22.0	19.0	6.4	3.0															
C700	21.0	22.3	5.9	3.0															
C72R	11.0	8.3	2.7	2.6															
C750	19.4	22.0	5.9	3.2															
C77R	10.8	8.3	2.6	2.6															
C82R	11.0	8.8	2.8	2.7															
CH7A	10.2	6.7	2.3	1.9															
CH7B	10.2	6.7	2.3	2.1															
CL30	19.4	21.0	6.2	3.8															
CL35	21.0	20.9	6.1	3.9															
CL41	11.1	9.8	2.9	4.4															
CL60	19.6	20.8	6.3	4.0															
CN35	25.8	19.7	8.2	4.3															
COL3	11.0	7.7	2.7	2.6															
COL4	11.0	7.7	2.7	2.6															
COUR	11.9	9.4	4.5	2.9															
CRJ1	21.2	26.8	6.3	4.5															
CRJ2	20.9	26.8	6.3	4.1															
CRJ7	23.3	32.5	7.6	5.0															
CRJ9	24.8	36.2	7.3	5.0															
CRUZ	8.8	6.5	2.3	2.3															
CVLP	28.0	24.1	8.5	8.6															
CVLT	32.1	29.2	8.9	7.3															
D328	21.0	21.3	7.1	4.5															
DA40	11.9	8.0	2.0	3.0															
DA42	13.6	8.6	2.5	3.0															
DC10	50.4	55.4	17.7	13.2															
DC3	29.0	19.7	5.2	6.1															
DC3S	27.4	20.7	5.1	6.1															
DC3T	29.0	20.7	5.1	6.2															
DC6	35.8	30.7	8.7	8.7															
DC87	45.2	57.2	13.2	7.6															
DC91	27.2	31.8	8.4	5.4															
DC93	28.4	36.4	8.5	5.6															
DC95	28.5	40.7	8.8	5.5															
DH8A	25.9	22.3	7.5	8.6															
DH8B	25.9	22.3	7.5	8.6															
DH8C	27.4	25.7	7.5	8.6															
DH8D	28.4	32.9	8.4	9.6															
DHC2	14.6	9.2	2.7	3.2															
DHC6	19.8	15.8	5.9	4.5															
DHC7	28.3	24.5	8.0	8.6															
DV20	10.9	7.2	2.2	2.0															
E110	15.3	15.3	4.9	5.2															
E120	19.8	20.0	6.5	7.2															
E135	20.1	28.5	6.8	4.8															
E145	20.1	29.9	6.8	4.8															
E170	26.0	29.9	9.8	6.2															
E190	28.7	36.2	10.5	7.0															
E195	28.7	38.6	10.3	7.3															
E290	33.7	36.2	11.0	6.8															
E295	35.1	41.5	10.9	7.3															
E35L	21.1	26.3	6.8	4.8															
E45X	20.0	29.9	6.8	4.8															
E50P	12.3	12.8	4.4	3.0															
E545	20.2	19.7	6.4	2.0															
E550	20.3	20.7	6.4	2.1															
E55P	15.9	15.6	5.1	3.0															
E75L	31.0	32.3	9.9	9.0															
E75S	28.7	31.7	9.9	4.5															
EA50	11.4	10.1	3.4	3.3															
ERCO	9.1	6.3	1.8	2.9															
EVOT	11.3	9.1	3.0	4.8															
F15	13.0	19.4	5.6	3.3															
F16	10.0	15.1	4.9	2.7															
F18H	12.3	17.1	4.7	3.6															
F18S	13.6	18.3	4.9	3.6															
F22	13.6	18.9	5.1	3.5															
F2TH	19.3	20.2	7.1	5.1															
F406	15.1	11.9	4.0	4.4															
F900	19.3	20.2	7.6	5.1															
FA10	13.1	13.9	4.6	1.6															
FA20	16.3	17.2	5.4	4.2															
FA50	18.9	18.5	7.0	4.9															
FA7X	26.2	23.2	7.8	5.2															
FA8X	26.3	24.4	8.0	5.2															
FDCT	8.6	6.6	2.3	1.9															
G150	16.9	17.3	5.8	3.4															
G164	12.9	7.9	3.7	2.7															
G280	19.2	20.4	6.5	3.8															
GA5C	26.3	27.8	7.8	5.2															
GA6C	28.7	29.3	7.7	5.3															
GA7	11.2	8.7	3.1	3.5															
GALX	17.7	19.0	6.5	3.7															
GC1	8.9	6.3	1.9	3.2															
GL5T	28.7	29.5	7.8	4.9															
GL7T	31.8	33.7	8.1	4.9															
GLEX	28.7	30.3	7.8	4.9															
GLF2	21.0	24.4	7.5	5.2															
GLF3	23.7	25.3	7.4	5.3															
GLF4	23.7	26.9	7.4	4.9															
GLF5	28.5	29.4	7.9	5.2															
GLF6	30.4	30.4	7.9	5.3															
H25A	14.3	15.4	5.0	3.3															
H25B	15.7	15.6	5.5	3.4															
H25C	15.7	16.4	5.2	3.7															
HA4T	18.8	21.1	6.0	3.4															
HAWK	9.9	11.4	4.0	3.7															
HDJT	12.2	12.5	4.0	4.6															
HUSK	10.8	6.9	2.0	1.9															
IL76	50.5	46.6	14.8	8.2															
J328	21.0	21.2	7.0	4.5															
JS31	15.8	14.4	5.3	6.0															
JS32	15.8	14.4	5.3	6.0															
JS41	18.4	19.3	5.7	6.7															
K35R	39.9	41.5	12.7	8.7															
KODI	13.7	10.4	4.7	4.0															
L29B	16.6	18.4	6.2	3.9															
L5	10.4	7.3	2.4	2.5															
L8	10.7	6.1	1.9	2.2															
LA4	11.6	7.6	2.8	4.5															
LJ23	10.9	13.2	3.8	3.1															
LJ24	10.9	13.2	3.7	2.9															
LJ25	10.9	14.5	3.7	2.9															
LJ31	13.4	14.8	3.7	2.9															
LJ35	12.0	14.8	3.7	3.4															
LJ40	14.6	16.9	4.3	3.4															
LJ45	14.6	17.7	4.3	3.4															
LJ55	13.4	16.8	4.5	3.4															
LJ60	13.4	17.9	4.5	3.4															
LJ70	15.5	17.1	4.3	3.4															
LJ75	15.5	17.7	4.3	3.4															
LNC4	9.9	7.6	2.4	2.4															
LNP4	9.9	7.6	2.4	2.3															
M20P	11.0	8.2	2.5	2.8															
M20T	11.0	8.2	2.5	2.8															
M5	9.4	7.2	1.9	2.3															
MD11	52.0	61.6	17.9	12.6															
MD81	32.9	45.0	9.2	6.2															
MD82	32.9	45.0	9.2	6.2															
MD83	32.9	45.0	9.2	6.2															
MD87	32.9	39.7	9.5	6.2															
MD88	32.9	45.0	9.2	6.2															
MD90	32.9	46.5	9.5	6.2															
MU2	11.9	12.0	4.2	2.1															
MU30	13.3	14.8	4.2	3.5															
NAVI	10.2	8.4	2.7	2.9															
P180	14.0	14.4	4.0	5.8															
P210	11.8	8.6	3.0	2.8															
P28A	10.7	7.3	2.2	3.2															
P28B	10.7	7.5	2.2	3.2															
P28R	10.8	7.5	2.4	3.4															
P28T	10.8	7.5	2.4	3.4															
P3	30.4	35.4	10.3	10.4															
P32R	11.0	8.4	2.6	3.4															
P32T	11.0	8.4	2.4	3.4															
P46T	13.1	9.0	3.4	3.7															
P51	11.3	9.8	4.1	3.7															
P68	12.0	9.5	3.4	3.7															
P750	12.8	11.8	4.1	4.0															
P8	37.7	39.5	12.8	6.7															
PA11	10.8	7.3	2.0	2.1															
PA12	10.8	6.9	2.1	2.1															
PA16	8.9	6.1	1.9	2.1															
PA18	10.8	6.9	2.0	1.8															
PA20	8.9	6.2	2.5	2.0															
PA22	8.9	6.2	2.5	2.4															
PA23	11.3	8.4	3.1	3.8															
PA24	11.0	7.6	2.3	3.1															
PA25	11.0	7.6	2.2	2.3															
PA27	11.3	9.5	3.1	4.0															
PA30	11.2	7.7	2.5	3.0															
PA31	12.4	9.9	4.0	4.2															
PA32	11.0	8.4	2.6	3.4															
PA34	11.9	8.7	3.0	3.4															
PA36	11.8	8.4	2.3	2.7															
PA38	10.4	7.0	2.8	3.6															
PA44	11.8	8.4	2.6	3.2															
PA46	13.1	8.8	3.4	3.7															
PAT4	13.0	10.6	3.9	4.4															
PAY1	13.0	10.6	3.9	4.7															
PAY2	13.0	10.6	3.9	4.7															
PAY3	14.5	13.2	4.5	5.7															
PAY4	14.5	13.2	5.2	5.7															
PC12	16.2	14.4	4.3	4.6															
PC24	17.0	16.9	5.4	4.9															
PRM1	13.6	14.0	4.7	2.8															
R721	32.9	40.6	10.5	8.2															
R722	32.9	46.7	10.6	8.2															
RJ1H	26.3	31.0	8.6	5.8															
RJ85	26.3	28.6	8.6	5.8															
RV12	8.2	6.1	2.5	2.1															
S108	10.3	7.5	9.1	2.4															
S22T	11.7	7.9	2.7	3.8															
SB20	24.8	27.3	7.7	8.9															
SBR1	13.6	14.3	4.9	2.3															
SBR2	13.6	14.3	4.9	2.4															
SC7	19.8	12.6	4.6	4.3															
SF34	22.7	19.7	7.0	7.3															
SF50	11.8	9.4	3.3	3.9															
SH33	22.8	17.7	5.0	5.0															
SH36	22.8	21.6	7.0	5.0															
SR20	11.7	7.9	2.8	3.4															
SR22	11.7	7.9	2.7	3.6															
SU95	27.8	29.9	10.3	6.8															
SW3	14.1	12.9	5.1	5.0															
SW4	17.4	18.1	5.1	6.2															
T210	11.8	8.6	3.0	2.7															
T28	12.2	10.1	3.9	4.1															
T34P	10.1	8.7	2.9	3.5															
T38	7.7	14.1	3.9	3.4															
T6	12.8	8.8	3.6	2.8															
TAYB	11.0	6.7	2.1	2.3															
TB20	10.0	7.7	2.9	2.5															
TBM7	12.7	10.6	4.4	3.9															
TBM8	12.7	10.6	4.4	3.9															
TBM9	12.8	10.7	4.4	3.9															
TEX2	10.2	10.1	3.3	3.0															
TOBA	10.0	7.7	3.0	2.6															
V22	14.0	19.2	6.7	4.9															
WW24	13.7	15.9	4.8	3.7															
